{"nodes":{"node:1":{"location":{"x":0,"y":0}}},"selection":null,"view":{"scroll":{"x":-1.52587754200794734e-05,"y":-6.65381813049316406},"visible_rect":{"max":{"x":246.666717529296875,"y":238.897506713867188},"min":{"x":-1.01725190688739531e-05,"y":-4.43587970733642578}},"zoom":1.49999964237213135}}