{"nodes":{"node:1":{"location":{"x":-61,"y":80}},"node:3":{"location":{"x":150,"y":64}}},"selection":null,"view":{"scroll":{"x":-329.523345947265625,"y":-189.75372314453125},"visible_rect":{"max":{"x":374.4842529296875,"y":221.150192260742188},"min":{"x":-170.56707763671875,"y":-98.2198638916015625}},"zoom":1.93192815780639648}}